system,a,b,c,alpha,beta,gamma
3,4.53828,4.53828,3.12749,90.0,90.0,90.0
