system,a,b,c,alpha,beta,gamma
3,4.54227,4.54227,3.12752,90.0,90.0,90.0
