H,K,L,Mult,wi,Ai,mu_i,intensity,L_gamma_i,G_sigma2_i,a=3.450580,b=3.450580,c=3.450580,alpha=90.000000,beta=90.000000,gamma=90.000000
-1.0,1.0,0.0,24,287.2089765215304,0.7283939784541962,36.83822917337026,1027.9097092646227,0.09325194421374405,0.009834472250475757
0.0,2.0,0.0,6,2.921611067512381,0.9991468005848866,53.082602379087156,0.3482012427952727,2.670050258854599,25.043165998520845
1.0,-2.0,-1.0,48,0.13137068416139586,0.9857898418326468,66.35963405631271,0.35051822290180024,0.11926052443522026,0.023400465392729795
0.0,2.0,2.0,12,0.2165315216647079,0.9628126870892192,78.38548721860226,0.2951930204921106,0.29131136024987003,0.002272140129793959
