H,K,L,Mult,wi,Ai,mu_i,intensity,L_gamma_i,G_sigma2_i,a=3.450580,b=3.450580,c=3.450580,alpha=90.000000,beta=90.000000,gamma=90.000000
-1.0,1.0,0.0,24,200.23685448115347,0.03846571377472548,36.840915742546535,730.2661216865611,0.7701520487938338,0.011160150818420927
0.0,2.0,0.0,6,17.802031696730733,0.20108513403250208,53.09104629841232,52.688768985468535,2.274701892976374,0.011820112581490893
1.0,-2.0,-1.0,48,0.037263135794133484,0.9998501695881612,66.5357285070935,0.0038136439667244225,3.153013399237222,0.0018110922655916683
0.0,2.0,2.0,12,0.0022085860375533517,0.9340090566524867,78.38890673024832,0.031965337408109376,0.022360679774997897,0.0005
