system,a,b,c,alpha,beta,gamma
1,9.40783,9.40783,9.40783,90.0,90.0,90.0
