system,a,b,c,alpha,beta,gamma
3,4.54801,4.54801,3.12761,90.0,90.0,90.0
