H,K,L,Mult,wi,Ai,mu_i,intensity,L_gamma_i,G_sigma2_i,a=3.516310,b=3.516310,c=3.516310,alpha=90.000000,beta=90.000000,gamma=90.000000
-1.0,1.0,0.0,24,15527.112586479147,0.4677195374185104,36.1077431421764,79309.78184384678,0.06856430254773441,0.0052294963757973986
0.0,2.0,0.0,6,2104.2680339114722,0.5547295802093059,51.99042818351518,6942.41084332546,0.10996735596944952,0.011002749592727309
1.0,-2.0,-1.0,48,3120.716287649791,0.4174690926498907,64.9325057248049,9403.49722580582,0.13655634843921613,0.012975941679971499
0.0,2.0,2.0,12,380.14241078949306,0.3652261466429261,76.61194291489743,953.4124079003828,0.1638833864458959,0.019822503739077728
3.0,1.0,0.0,24,1169.4880348945007,0.5904269735996748,87.74589887056158,2131.5326575250765,0.2109879938661871,0.030745185001267293
