system,a,b,c,alpha,beta,gamma
2,2.86855,2.86855,14.16094,90.0,90.0,120.0
