system,a,b,c,alpha,beta,gamma
1,9.4118,9.4118,9.4118,90.0,90.0,90.0
3,4.41115,4.41115,3.04844,90.0,90.0,90.0
