system,a,b,c,alpha,beta,gamma
1,3.53213,3.53213,3.53213,90.0,90.0,90.0
1,3.60535,3.60535,3.60535,90.0,90.0,90.0
