system,a,b,c,alpha,beta,gamma
1,3.53725,3.53725,3.53725,90.0,90.0,90.0
1,3.59995,3.59995,3.59995,90.0,90.0,90.0
