H,K,L,Distance,2theta/TOF,Mult
-1,-1,1,3.6527,24.368350986110578,24
0,2,2,2.2368,40.32123933964115,12
-1,-3,-1,1.9075,47.67599995846947,24
0,4,0,1.5816,58.34366396336539,6
3,-1,3,1.4514,64.16720574282917,24
-2,2,4,1.2914,73.30561277545446,48
3,-3,-3,1.2175,78.57309703419351,24
4,0,4,1.1184,87.15041965253347,12
