system,a,b,c,alpha,beta,gamma
1,3.5337,3.5337,3.5337,90.0,90.0,90.0
1,3.60096,3.60096,3.60096,90.0,90.0,90.0
