system,a,b,c,alpha,beta,gamma
2,2.86913,2.86913,14.1706,90.0,90.0,120.0
