wi,mu_i,sigma2_i,Rp: 19.775800 
41066.68373337948,30.019188890408003,36.71721391212194
