system,a,b,c,alpha,beta,gamma
3,4.53817,4.53817,3.12484,90.0,90.0,90.0
