wi,mu_i,sigma2_i,Rp: 15.778051 
54865.283178921214,29.757521807922554,34.15246166646738
