H,K,L,Mult,wi,Ai,mu_i,intensity,L_gamma_i,G_sigma2_i,a=2.882240,b=2.882240,c=2.882240,alpha=90.000000,beta=90.000000,gamma=90.000000
0.0,0.0,1.0,6,1.988865822880462,0.9978353132635397,31.0283814146216,0.38353354253581856,1.6980501896175815,0.02224604198199283
-1.0,1.0,0.0,24,371.0049364611258,0.8307893463856979,44.45308382082814,353.34896534167683,4.785772579383526,0.0056616408565960145
-1.0,-1.0,1.0,24,1.6903925308259307,0.9841482080250522,55.198419719597055,5.753103565159687,0.09426943646499786,0.006195869416884254
0.0,2.0,0.0,6,206.09273794596152,0.7978422981653569,64.6815931159483,362.85261163682117,0.19818889590902264,0.02832262262310161
2.0,0.0,1.0,24,20.452155598498877,0.9999995995648026,73.46742904434892,1.515600627708171,4.295478438318725,0.01654658014080785
1.0,-2.0,-1.0,48,0.5236673549521796,0.9999918642452698,81.8669415376964,0.04659530706557911,3.577997030700605,0.03916272718701088
0.0,2.0,2.0,12,38.07324350509996,0.9993854919017183,98.32010556349287,29.575065901977503,0.41023856740820963,0.03265280393515841
-2.0,-2.0,1.0,24,27.924576446960703,0.9950019712990869,106.72577365708042,3.995919223629484,2.3900984736324813,0.03549147789785683
3.0,1.0,0.0,24,145.4275811933206,0.997194121965652,115.52337447885438,31.544120513558802,1.4863911097180023,0.11115853266105113
