system,a,b,c,alpha,beta,gamma
1,3.53217,3.53217,3.53217,90.0,90.0,90.0
1,3.58049,3.58049,3.58049,90.0,90.0,90.0
