H,K,L,Distance,2theta/TOF,Mult
0,0,3,4.7203,18.799322341174413,2
0,0,-4,3.5402,25.155202578655377,2
0,0,5,2.8322,31.59023989567347,2
0,1,0,2.4807,36.210933814889245,6
1,0,-1,2.4435,36.78179189965465,12
0,0,6,2.3601,38.13079709891244,2
-1,0,2,2.3411,38.45236843641248,12
0,-1,3,2.1959,41.10585034918719,12
0,-1,4,2.0316,44.60102824091366,12
0,0,7,2.0229,44.80323114729741,2
0,1,5,1.8661,48.80174127291976,12
